Nome,Sexo
Abraao,Masculino
Adelaide,Femenino
Adlyniz,Femenino
Adria,Femenino
Adrian,Masculino
Adrianne,Femenino
Adriele,Femenino
Adrielly,Femenino
Adriely,Femenino
Adrieny,Femenino
Adriew,Masculino
Adrya,Femenino
Adryan,Masculino
Adryel,Masculino
Adryell,Masculino
Adryelly,Femenino
Agata,Femenino
Agatha,Femenino
Ageu,Masculino
Agleilson,Masculino
Alaf,Masculino
Alan,Masculino
Alana,Femenino
Alda,Femenino
Alef,Masculino
Alekisandro,Masculino
Alerrandro,Masculino
Alessandra,Femenino
Alessandro,Masculino
Alex,Masculino
Alexandre,Masculino
Alexsandro,Masculino
Alice,Femenino
Alicy,Femenino
Aline,Femenino
Alison,Masculino
Alisson,Masculino
Allison,Masculino
Aluno1,Masculino
Alvinei,Masculino
Alyce,Femenino
Amanda,Femenino
Ana,Femenino
Ana Beatriz,Femenino
Ana Clara,Femenino
Ana Flávia,Femenino
Ana Julia,Femenino
Ana Leticia,Femenino
Ana Maria,Femenino
Analice,Femenino
Anderson,Masculino
Andre,Masculino
Andrei,Masculino
Andreina,Femenino
Andressa,Femenino
Andrew,Masculino
Andrey,Masculino
Andreza,Femenino
Andriel,Masculino
Andriele,Femenino
Ane,Femenino
Aneilda,Femenino
Angela,Femenino
Angelica,Femenino
Angelina,Femenino
Anna,Femenino
Anna,Femenino
Anne,Femenino
Anny,Femenino
Anthony,Masculino
Antonio,Masculino
Antony,Masculino
Any,Femenino
Apolo,Masculino
Ariane,Femenino
Ariany,Femenino
Ariela,Femenino
Arlisson,Masculino
Arnaldo,Masculino
Arthur,Masculino
Asafe,Masculino
Augusto,Masculino
Ayla,Femenino
Ayna,Femenino
Ayumi,Femenino
Beatriz,Femenino
Benjamim,Masculino
Bernardo,Masculino
Bianca,Femenino
Bianca,Femenino
Brayan,Masculino
Brena,Femenino
Brenda,Femenino
Brendha,Femenino
Brenna,Femenino
Bruna,Femenino
Bruna,Femenino
Bruno,Masculino
Bryan,Masculino
Cadmiel,Masculino
Caio,Masculino
Calebe,Masculino
Carla,Femenino
Carlos,Masculino
Cassio,Masculino
Caua,Masculino
Caue,Masculino
Cecilia,Femenino
Celeny,Femenino
Ciane,Femenino
Cibelle,Femenino
Cibelly,Femenino
Circe,Femenino
Clara,Femenino
Claudio,Masculino
Clerton,Masculino
Clooy,Femenino
Cristian,Masculino
Cristiano,Masculino
Cristina,Femenino
Cristine,Femenino
Cristyan,Masculino
Crysthian,Masculino
Crystyano,Masculino
Dafne,Femenino
Dan,Masculino
Daniel,Masculino
Daniela,Femenino
Danielle,Femenino
Danielly,Femenino
Daniely,Femenino
Danilo,Masculino
Dannielly,Femenino
Darliane,Femenino
Darlisson,Masculino
Darllan,Masculino
Davi,Masculino
David,Masculino
Davison,Masculino
Dayane,Femenino
Debora,Femenino
Deborah,Femenino
Deivid,Masculino
Denilson,Masculino
Derick,Masculino
Dhefiny,Femenino
Diego,Masculino
Dielmi,Femenino
Diogo,Masculino
Djulia,Femenino
Dominique,Femenino
Douglas,Masculino
Dulcy,Femenino
Eder,Masculino
Edgar,Masculino
Edilson,Masculino
Edivania,Femenino
Eduarda,Femenino
Eduardo,Masculino
Efesson,Masculino
Eiton,Masculino
Eiza,Femenino
Elano,Masculino
Eliane,Femenino
Elias,Masculino
Elias,Masculino
Elieo,Masculino
Elison,Masculino
Elissandro,Masculino
Eliza,Femenino
Elizanara,Femenino
Ellen,Femenino
Eloa,Femenino
Eloah,Femenino
Elorini,Femenino
Eloysa,Femenino
Elricka,Femenino
Elridianne,Femenino
Emanuel,Masculino
Emanuella,Femenino
Emanuelly,Femenino
Emanuely,Femenino
Emelly,Femenino
Emilio,Masculino
Emilli,Femenino
Emilly,Femenino
Emily,Femenino
Emylly,Femenino
Endel,Masculino
Enderson,Masculino
Endreo,Masculino
Endria,Femenino
Enmarys,Femenino
Enzo,Masculino
Erica,Femenino
Erick,Masculino
Erielson,Masculino
Erik,Masculino
Erique,Masculino
Erison,Masculino
Eryson,Masculino
Estefane,Femenino
Estefani,Femenino
Ester,Femenino
Estevao,Masculino
Esthela,Femenino
Esthephanie,Femenino
Esther,Femenino
Eunice,Femenino
Evelin,Femenino
Evellen,Femenino
Evelly,Femenino
Evellyn,Femenino
Evelyn,Femenino
Everton,Masculino
Ewerson,Masculino
Ezequiel,Masculino
Ezio,Masculino
Fabiano,Masculino
Fabio,Masculino
Fabricia,Femenino
Fabricio,Masculino
Felipe,Masculino
Felype,Masculino
Fernanda,Femenino
Fernando,Masculino
Fhellipe,Masculino
Flavia,Femenino
Flavio,Masculino
Franciane,Femenino
Franciene,Femenino
Franciney,Femenino
Franciny,Femenino
Francisca,Femenino
Francivan,Masculino
Franderley,Masculino
Franklon,Masculino
Gabriel,Masculino
Gabriela,Femenino
Gabriele,Femenino
Gabrielle,Femenino
Gabrielly,Femenino
Gabriely,Femenino
Gelson,Masculino
Geovana,Femenino
Geovanna,Femenino
Gerson,Masculino
Geylson,Masculino
Giovana,Femenino
Giovanna,Femenino
Gisele,Femenino
Gleice,Femenino
Glenda,Femenino
Gleyce,Femenino
Graciane,Femenino
Graziela,Femenino
Graziele,Femenino
Grazielly,Femenino
Guilherme,Masculino
Gustavo,Masculino
Gusttavo,Masculino
Hadassa,Femenino
Hana,Femenino
Haniel,Masculino
Hanna,Femenino
Hannah,Femenino
Haryson,Masculino
Hector,Masculino
Heithor,Masculino
Heitor,Masculino
Hekthor,Masculino
Helen,Femenino
Helena,Femenino
Heloar,Masculino
Heloi,Masculino
Heloisa,Femenino
Heloysa,Femenino
Henderson,Masculino
Henny,Masculino
Henrique,Masculino
Heraldo,Masculino
Herbert,Masculino
Hian,Masculino
Hiquelme,Masculino
Hisabela,Femenino
Honny,Masculino
Hugo,Masculino
Iago,Masculino
Iasmim,Femenino
Iasmin,Femenino
Icaro,Masculino
Igor,Masculino
Iisis,Femenino
Ikaro,Masculino
Ilderlan,Masculino
Inaadaby,Femenino
Ingrid,Femenino
Ingridy,Femenino
Iris,Femenino
Isaac,Masculino
Isabela,Femenino
Isabele,Femenino
Isabella,Femenino
Isabelle,Femenino
Isabelly,Femenino
Isabely,Femenino
Isac,Masculino
Isadora,Femenino
Isaias,Masculino
Isaque,Masculino
Isis,Femenino
Isla,Femenino
Ismael,Masculino
Israel,Masculino
Italo,Masculino
Iudi,Masculino
Iuri,Masculino
Iury,Masculino
Ivoni,Femenino
Izabel,Femenino
Izabelly,Femenino
Izagabrielly,Femenino
Izaias,Masculino
Izaque,Masculino
Jade,Femenino
Jadson,Masculino
Jailton,Masculino
Jaime,Masculino
James,Masculino
Jamile,Femenino
Jamilly,Femenino
Jamily,Femenino
Jammily,Femenino
Jandeson,Masculino
Jaqueline,Femenino
Jardel,Masculino
Jarlynne,Femenino
Jasmyne,Femenino
Jean,Masculino
Jeferson,Masculino
Jefferson,Masculino
Jefson,Masculino
Jeias,Masculino
Jeniffer,Femenino
Jennifer,Femenino
Jennipher,Femenino
Jessica,Femenino
Jhenifer,Femenino
Jhennifer,Femenino
Jhennyfer,Femenino
Jhonata,Masculino
Jhonatan,Masculino
Jhonn,Masculino
Jhonnatan,Masculino
Jhonny,Masculino
Jhonys,Masculino
Jhulli,Femenino
Jhully,Femenino
Joana,Femenino
Joao,Masculino
João,Masculino
Joel,Masculino
Joelison,Masculino
John,Masculino
Joiciane,Femenino
Jonas,Masculino
Jonata,Masculino
Jonathas,Masculino
Jordan,Masculino
Jorge,Masculino
Jose,Masculino
José,Masculino
Joseane,Femenino
Joshua,Masculino
Josiane,Femenino
Josias,Masculino
Josiel,Masculino
Josue,Masculino
Joyce,Femenino
Juan,Masculino
Julia,Femenino
Juliana,Femenino
Juliane,Femenino
Julianna,Femenino
Julio,Masculino
Jully,Femenino
Julyanne,Femenino
Junior,Masculino
Kaila,Femenino
Kaio,Masculino
Kaleb,Masculino
Kaliany,Femenino
Kallyl,Masculino
Kamila,Femenino
Kamile,Femenino
Kamille,Femenino
Kamilly,Femenino
Kamily,Femenino
Karina,Femenino
Karinny,Femenino
Karla,Femenino
Karlesson,Masculino
Karlla,Femenino
Karlos,Masculino
Karlyandra,Femenino
Karolinne,Femenino
Kassio,Masculino
Kassyo,Masculino
Katrine,Femenino
Kaua,Masculino
Kauã,Masculino
Kauan,Masculino
Kauani,Femenino
Kayky,Masculino
Kayla,Femenino
Kaylla,Femenino
Kayza,Femenino
Kedson,Masculino
Keliane,Femenino
Kelton,Masculino
Kelvin,Masculino
Kelvyn,Masculino
Kemily,Femenino
Kemylle,Femenino
Kesia,Femenino
Ketelem,Femenino
Ketelen,Femenino
Ketellen,Femenino
Kethele,Femenino
Kethelen,Femenino
Kethellen,Femenino
Ketlen,Femenino
Ketllem,Femenino
Ketllen,Femenino
Kevym,Masculino
Klara,Femenino
Kleberson,Masculino
Klebson,Masculino
Kleudson,Masculino
Klicia,Femenino
Laiana,Femenino
Lais,Femenino
Laisa,Femenino
Laiz,Femenino
Laiza,Femenino
Lara,Femenino
Larah,Femenino
Larissa,Femenino
Lauanny,Femenino
Laura,Femenino
Lauren,Femenino
Laurianny,Femenino
Lauro,Masculino
Layane,Femenino
Layla,Femenino
Laysa,Femenino
Leandro,Masculino
Lendon,Masculino
Leo,Masculino
Leonara,Femenino
Leonardo,Masculino
Leticia,Femenino
Letycia,Femenino
Letycya,Femenino
Levy,Masculino
Lhyane,Femenino
Liedson,Masculino
Lilian,Femenino
Lindeusa,Femenino
Livia,Femenino
Lohana,Femenino
Lohayne,Femenino
Lorena,Femenino
Lorrany,Femenino
Luan,Masculino
Luana,Femenino
Luandra,Femenino
Luane,Femenino
Luanny,Femenino
Lucas,Masculino
Lucielly,Femenino
Luis,Masculino
Luisa,Femenino
Luiz,Masculino
Luna,Femenino
Maciel,Masculino
Maicon,Masculino
Maikon,Masculino
Maira,Femenino
Manuela,Femenino
Manuella,Femenino
Manuelly,Femenino
Marcela,Femenino
Marcelo,Masculino
Marcely,Femenino
Marcia,Femenino
Marciely,Femenino
Marciene,Femenino
Marco,Masculino
Marcondy,Masculino
Marcos,Masculino
Marcus,Masculino
Maria,Femenino
Maria Alice,Femenino
Maria Anita,Femenino
Maria Beatriz,Femenino
Maria Clara,Femenino
Maria Eduarda,Femenino
Maria Victoria,Femenino
Maria Vitória,Femenino
Mariah,Femenino
Mariana,Femenino
Mariele,Femenino
Marina,Femenino
Mateus,Masculino
Matheus,Masculino
Mauricio,Masculino
Max,Masculino
Maycon,Masculino
Mayelly,Femenino
Mayk,Masculino
Maykon,Masculino
Mayra,Femenino
Mayron,Masculino
Maysa,Femenino
Mayza,Femenino
Melissa,Femenino
Melissa,Femenino
Messias,Masculino
Micaele,Femenino
Michel,Masculino
Michelle,Femenino
Michelly,Femenino
Mickaela,Femenino
Mickele,Femenino
Miguel,Masculino
Miguell,Masculino
Mikael,Masculino
Mikaele,Femenino
Mikaelly,Femenino
Mikaely,Femenino
Mikelly,Femenino
Milena,Femenino
Milton,Masculino
Mirela,Femenino
Mirella,Femenino
Moises,Masculino
Monica,Femenino
Monick,Femenino
Monique,Femenino
Murilo,Masculino
Nadson,Masculino
Nagila,Femenino
Naiane,Femenino
Nanda,Femenino
Nara,Femenino
Natalia,Femenino
Natam,Masculino
Natanael,Masculino
Nathalia,Femenino
Nathally,Femenino
Nathaly,Femenino
Nayandra,Femenino
Nicholas,Masculino
Nickolas,Masculino
Nickson,Masculino
Nicolas,Masculino
Nicole,Femenino
Nicole,Femenino
Nicollas,Masculino
Nicolly,Femenino
Nicoly,Femenino
Nikollas,Masculino
Nirajy,Femenino
Nyckollas,Masculino
Octavio,Masculino
Oliver,Masculino
Orianna,Femenino
Oziel,Masculino
Pablo,Masculino
Paloma,Femenino
Pamela,Femenino
Pamella,Femenino
Paola,Femenino
Paulo,Masculino
Pedro,Masculino
Perolla,Femenino
Philipi,Masculino
Pietro,Masculino
Pollyana,Femenino
Polyana,Femenino
Polyane,Femenino
Rafael,Masculino
Rafaela,Femenino
Rafaella,Femenino
Raiana,Femenino
Railane,Femenino
Railma,Femenino
Railson,Masculino
Railton,Masculino
Raimundo,Masculino
Rainara,Femenino
Raissa,Femenino
Rakelly,Femenino
Ramon,Masculino
Raphael,Masculino
Raquel,Femenino
Rayan,Masculino
Rayana,Femenino
Rayandra,Femenino
Rayane,Femenino
Rayllane,Femenino
Raynara,Femenino
Rayssa,Femenino
Rayssieli,Masculino
Raysson,Masculino
Rebeca,Femenino
Rebecca,Femenino
Rebeka,Femenino
Regiane,Femenino
Reickson,Masculino
Renan,Masculino
Rendrickson,Masculino
Rendrik,Masculino
Rennan,Masculino
Rhafael,Masculino
Rhamon,Masculino
Rhanna,Femenino
Rhuan,Masculino
Rian,Masculino
Ricardo,Masculino
Richard,Masculino
Ricky,Masculino
Rillary,Femenino
Rillian,Masculino
Riquelme,Masculino
Roberth,Masculino
Roberto,Masculino
Robson,Masculino
Rodrigo,Masculino
Roger,Masculino
Rogerio,Masculino
Rogger,Masculino
Ronaldo,Masculino
Rose,Femenino
Ruan,Masculino
Rute,Femenino
Ruth,Femenino
Ryan,Masculino
Ryandra,Femenino
Ryane,Femenino
Rychard,Masculino
Ryhanna,Femenino
Safira,Femenino
Salomao,Masculino
Samanta,Femenino
Samara,Femenino
Samily,Femenino
Samuel,Masculino
Samyra,Femenino
Sara,Femenino
Sarah,Femenino
Saymon,Masculino
Sayuri,Masculino
Selena,Femenino
Sergio,Masculino
Shirley,Femenino
Silvano,Masculino
Socorro,Femenino
Sofhia,Femenino
Sofia,Femenino
Sofonias,Masculino
Sonya,Femenino
Sophia,Femenino
Stanley,Masculino
Steffany,Femenino
Stela,Femenino
Stephanny,Femenino
Stephany,Femenino
Stevenson,Masculino
Sthefane,Femenino
Sthefanny,Femenino
Sthefany,Femenino
Suellen,Femenino
Suryan,Masculino
Suzana,Femenino
Talita,Femenino
Tamires,Femenino
Tayla,Femenino
Taylo,Masculino
Thaila,Femenino
Thais,Femenino
Thaisa,Femenino
Thalita,Femenino
Thallyson,Masculino
Thalysson,Masculino
Thayla,Femenino
Thaylla,Femenino
Thayllane,Femenino
Thayrine,Femenino
Thiago,Masculino
Thomaz,Masculino
Thomeson,Masculino
Tiago,Masculino
Valdecira,Femenino
Valdelice,Femenino
Valdemir,Masculino
Valdenor,Masculino
Valeria,Femenino
Valerya,Femenino
Vanessa,Femenino
Veronica,Femenino
Vicente,Masculino
Victor,Masculino
Victoria,Femenino
Vinicius,Masculino
Vitor,Masculino
Vitoria,Femenino
Vivian,Femenino
Wallison,Masculino
Wandel,Masculino
Wandreu,Masculino
Wandrey,Masculino
Wanessa,Femenino
Wayder,Masculino
Weidson,Masculino
Welington,Masculino
Welison,Masculino
Wellington,Masculino
Welliton,Masculino
Wendel,Masculino
Wendell,Masculino
Wendler,Masculino
Wendrell,Masculino
Wesley,Masculino
William,Masculino
Willian,Masculino
Willyson,Masculino
Wuanderley,Masculino
Wyllian,Masculino
Wylton,Masculino
Wyslla,Femenino
Yago,Masculino
Yan,Masculino
Yann,Masculino
Yanna,Femenino
Yanne,Femenino
Yara,Femenino
Yasmim,Femenino
Yasmin,Femenino
Ygor,Masculino
Yohan,Masculino
Yrllanna,Femenino
Ysadora,Femenino
Ytalo,Masculino
Ytalocaua,Masculino
Yuki,Masculino
Yuri,Masculino
Yuri,Masculino
Yves,Masculino
Zaquel,Masculino
